<?xml version="1.0" encoding="UTF-8"?>
<project-private xmlns="http://www.netbeans.org/ns/project-private/1">
    <editor-bookmarks xmlns="http://www.netbeans.org/ns/editor-bookmarks/2" lastBookmarkId="0"/>
    <open-files xmlns="http://www.netbeans.org/ns/projectui-open-files/2">
        <group>
            <file>file:/C:/Users/user/Documents/NetBeansProjects/trainer_evaluation_system/src/java/SeeModules.java</file>
            <file>file:/C:/Users/user/Documents/NetBeansProjects/trainer_evaluation_system/src/java/trainerprofile.java</file>
            <file>file:/C:/Users/user/Documents/NetBeansProjects/trainer_evaluation_system/web/trainer_profile.jsp</file>
            <file>file:/C:/Users/user/Documents/NetBeansProjects/trainer_evaluation_system/src/java/UpdateProfileServlet.java</file>
            <file>file:/C:/Users/user/Documents/NetBeansProjects/trainer_evaluation_system/src/java/SeeUsers.java</file>
            <file>file:/C:/Users/user/Documents/NetBeansProjects/trainer_evaluation_system/src/java/student_list_evaluator.java</file>
            <file>file:/C:/Users/user/Documents/NetBeansProjects/trainer_evaluation_system/web/reset.jsp</file>
            <file>file:/C:/Users/user/Documents/NetBeansProjects/trainer_evaluation_system/web/adminpage.jsp</file>
            <file>file:/C:/Users/user/Documents/NetBeansProjects/trainer_evaluation_system/web/new_user.jsp</file>
            <file>file:/C:/Users/user/Documents/NetBeansProjects/trainer_evaluation_system/src/java/EditProfileServlet.java</file>
            <file>file:/C:/Users/user/Documents/NetBeansProjects/trainer_evaluation_system/web/studentform.jsp</file>
            <file>file:/C:/Users/user/Documents/NetBeansProjects/trainer_evaluation_system/src/java/LogoutServlet.java</file>
            <file>file:/C:/Users/user/Documents/NetBeansProjects/trainer_evaluation_system/src/java/ViewEvaluationServlet.java</file>
            <file>file:/C:/Users/user/Documents/NetBeansProjects/trainer_evaluation_system/src/java/AddStudentServlet.java</file>
            <file>file:/C:/Users/user/Documents/NetBeansProjects/trainer_evaluation_system/src/java/TrainerSearchServlet.java</file>
            <file>file:/C:/Users/user/Documents/NetBeansProjects/trainer_evaluation_system/src/java/InsertStudentServlet.java</file>
            <file>file:/C:/Users/user/Documents/NetBeansProjects/trainer_evaluation_system/src/java/StudentRegistrationServlet.java</file>
            <file>file:/C:/Users/user/Documents/NetBeansProjects/trainer_evaluation_system/web/trainer_report.jsp</file>
            <file>file:/C:/Users/user/Documents/NetBeansProjects/trainer_evaluation_system/web/admin.jsp</file>
        </group>
    </open-files>
</project-private>
